{
    "name": "TheWitcherTRPG",
    "title": "TheWitcherTRPG - fvtt",
    "description": "The Witcher TRPG System.",
    "compatibleCoreVersion": "0.8.8",
    "version": 0.40, 
    "author": "TechAntho",
    "scripts": [
    ],
    "esmodules": [
      "scripts/TheWitcherTRPG.js"
    ],
    "styles": [
      "styles/witcher-styles.css"
    ],
    "packs": [
      {
        "name": "Character-gen",
        "label": "Character Generator",
        "path": "packs/character-generator.db",
        "entity": "RollTable"
      },
      {
        "name": "Character-gen Sub-tables",
        "label": "Character Generator Sub-tables",
        "path": "packs/character-generator-sub-tables.db",
        "entity": "RollTable"
      },
      {
        "name": "Witcher Lifepath and BG Sub-tables",
        "label": "Witcher Lifepath and BG Sub-tables",
        "path": "packs/witcher-lifepath.db",
        "entity": "RollTable"
      },
      {
        "name": "Combat",
        "label": "Combat",
        "path": "packs/witcher-ttrpg-combat.db",
        "entity": "RollTable"
      },
      {
        "name": "Life Event Sub-tables",
        "label": "Life Event Sub-tables",
        "path": "packs/lifepath.db",
        "entity": "RollTable"
      },
      {
        "name": "Style and Values Sub-tables",
        "label": "Style and Values Sub-tables",
        "path": "packs/style.db",
        "entity": "RollTable"
      },
      {
        "name": "Component",
        "label": "Component",
        "path": "packs/component.db",
        "entity": "Item"
      },
      {
        "name": "Valuable",
        "label": "Valuable",
        "path": "packs/valuable.db",
        "entity": "Item"
      }
    ],
    "languages": [
      {
        "lang": "en",
        "name": "English",
        "path": "lang/en.json"
      },
	    {
        "lang": "es",
        "name": "Español",
        "path": "lang/es.json"
      },
      {
        "lang": "pt-BR",
        "name": "Brazilian Portuguese",
        "path": "lang/ptbr.json"
      },
      {
        "lang": "fr",
        "name": "Français",
        "path": "lang/fr.json"
      }
    ],
    "dependencies": [
      {
        "name": "compendium-folders",
        "manifest": "https://raw.githubusercontent.com/earlSt1/vtt-compendium-folders/master/module.json"
      }],
    "socket": false,
    "initiative": "1d10",
    "gridDistance": 2,
    "gridUnits": "m",
    "primaryTokenAttribute": "resources.health",
    "secondaryTokenAttribute": "resources.power",
    "url": "https://github.com/AnthonyMonette/TheWitcherTRPG",
    "manifest": "https://github.com/AnthonyMonette/TheWitcherTRPG/releases/latest/download/system.json",
    "download": "https://github.com/AnthonyMonette/TheWitcherTRPG/releases/latest/download/system.zip"
  }