{
  "Actor": {
    "types": [
      "character",
      "monster",
      "loot"
    ],
    "templates":{
      "baseActor": {
        "woundTresholdApplied": false,
        "deathStateApplied": false,
        "stats": {
          "int": {
            "max": 0,
            "current": 0,
            "label": "WITCHER.Actor.Stat.Int",
            "isOpened": false,
            "modifiers": []
          },
          "ref": {
            "max": 0,
            "current": 0,
            "label": "WITCHER.Actor.Stat.Ref",
            "isOpened": false,
            "modifiers": []
          },
          "dex": {
            "max": 0,
            "current": 0,
            "label": "WITCHER.Actor.Stat.Dex",
            "isOpened": false,
            "modifiers": []
          },
          "body": {
            "max": 0,
            "current": 0,
            "label": "WITCHER.Actor.Stat.Body",
            "isOpened": false,
            "modifiers": []
          },
          "spd": {
            "max": 0,
            "current": 0,
            "label": "WITCHER.Actor.Stat.Spd",
            "isOpened": false,
            "modifiers": []
          },
          "emp": {
            "max": 0,
            "current": 0,
            "label": "WITCHER.Actor.Stat.Emp",
            "isOpened": false,
            "modifiers": []
          },
          "cra": {
            "max": 0,
            "current": 0,
            "label": "WITCHER.Actor.Stat.Cra",
            "isOpened": false,
            "modifiers": []
          },
          "will": {
            "max": 0,
            "current": 0,
            "label": "WITCHER.Actor.Stat.Will",
            "isOpened": false,
            "modifiers": []
          },
          "luck": {
            "max": 0,
            "current": 0,
            "total": 0,
            "label": "WITCHER.Actor.Stat.Luck",
            "isOpened": false,
            "modifiers": []
          }
        },
        "coreStats": {
          "stun": {
            "max": 0,
            "current": 0,
            "label": "WITCHER.Actor.CoreStat.Stun",
            "isOpened": false,
            "modifiers": []
          },
          "run": {
            "max": 0,
            "current": 0,
            "label": "WITCHER.Actor.CoreStat.Run",
            "isOpened": false,
            "modifiers": []
          },
          "leap": {
            "max": 0,
            "current": 0,
            "label": "WITCHER.Actor.CoreStat.Leap",
            "isOpened": false,
            "modifiers": []
          },
          "enc": {
            "max": 0,
            "current": 0,
            "label": "WITCHER.Actor.CoreStat.Enc",
            "isOpened": false,
            "modifiers": []
          },
          "rec": {
            "max": 0,
            "current": 0,
            "label": "WITCHER.Actor.CoreStat.Rec",
            "isOpened": false,
            "modifiers": []
          },
          "woundTreshold": {
            "max": 0,
            "current": 0,
            "label": "WITCHER.Actor.CoreStat.woundTreshold",
            "isOpened": false,
            "modifiers": []
          }
        },
        "derivedStats": {
          "modifiersIsOpened": false,
          "hp": {
            "max": 0,
            "value": 0,
            "label": "WITCHER.Actor.DerStat.HP",
            "modifiers": []
          },
          "sta": {
            "max": 0,
            "value": 0,
            "label": "WITCHER.Actor.DerStat.Sta",
            "modifiers": []
          },
          "resolve": {
            "max": 0,
            "value": 0,
            "label": "WITCHER.Actor.DerStat.Resolve",
            "modifiers": []
          },
          "focus": {
            "max": 0,
            "current": 0,
            "label": "WITCHER.Actor.DerStat.Focus",
            "modifiers": []
          },
          "vigor": {
            "value": 0,
            "label": "WITCHER.Actor.DerStat.Vigor",
            "modifiers": []
          }
          
        },
        "skills": {
          "int": {
            "awareness": {
              "value": 0,
              "label": "WITCHER.SkIntAwareness",
              "isOpened": false,
              "modifiers": []
            },
            "business": {
              "value": 0,
              "label": "WITCHER.SkIntBusiness",
              "isOpened": false,
              "modifiers": []
            },
            "deduction": {
              "value": 0,
              "label": "WITCHER.SkIntDeduction",
              "isOpened": false,
              "modifiers": []
            },
            "education": {
              "value": 0,
              "label": "WITCHER.SkIntEducation",
              "isOpened": false,
              "modifiers": []
            },
            "commonsp": {
              "value": 0,
              "label": "WITCHER.SkIntCommon",
              "isOpened": false,
              "modifiers": []
            },
            "eldersp": {
              "value": 0,
              "label": "WITCHER.SkIntElder",
              "isOpened": false,
              "modifiers": []
            },
            "dwarven": {
              "value": 0,
              "label": "WITCHER.SkIntDwarven",
              "isOpened": false,
              "modifiers": []
            },
            "monster": {
              "value": 0,
              "label": "WITCHER.SkIntMonster",
              "isOpened": false,
              "modifiers": []
            },
            "socialetq": {
              "value": 0,
              "label": "WITCHER.SkIntSocialEt",
              "isOpened": false,
              "modifiers": []
            },
            "streetwise": {
              "value": 0,
              "label": "WITCHER.SkIntStreet",
              "isOpened": false,
              "modifiers": []
            },
            "tactics": {
              "value": 0,
              "label": "WITCHER.SkIntTactics",
              "isOpened": false,
              "modifiers": []
            },
            "teaching": {
              "value": 0,
              "label": "WITCHER.SkIntTeaching",
              "isOpened": false,
              "modifiers": []
            },
            "wilderness": {
              "value": 0,
              "label": "WITCHER.SkIntWilderness",
              "isOpened": false,
              "modifiers": []
            }
          },
          "ref": {
            "brawling": {
              "value": 0,
              "label": "WITCHER.SkRefBrawling",
              "isOpened": false,
              "modifiers": []
            },
            "dodge": {
              "value": 0,
              "label": "WITCHER.SkRefDodge",
              "isOpened": false,
              "modifiers": []
            },
            "melee": {
              "value": 0,
              "label": "WITCHER.SkRefMelee",
              "isOpened": false,
              "modifiers": []
            },
            "riding": {
              "value": 0,
              "label": "WITCHER.SkRefRiding",
              "isOpened": false,
              "modifiers": []
            },
            "sailing": {
              "value": 0,
              "label": "WITCHER.SkRefSailing",
              "isOpened": false,
              "modifiers": []
            },
            "smallblades": {
              "value": 0,
              "label": "WITCHER.SkRefSmall",
              "isOpened": false,
              "modifiers": []
            },
            "staffspear": {
              "value": 0,
              "label": "WITCHER.SkRefStaff",
              "isOpened": false,
              "modifiers": []
            },
            "swordsmanship": {
              "value": 0,
              "label": "WITCHER.SkRefSwordmanship",
              "isOpened": false,
              "modifiers": []
            }
          },
          "dex": {
            "archery": {
              "value": 0,
              "label": "WITCHER.SkDexArchery",
              "isOpened": false,
              "modifiers": []
            },
            "athletics": {
              "value": 0,
              "label": "WITCHER.SkDexAthletics",
              "isOpened": false,
              "modifiers": []
            },
            "crossbow": {
              "value": 0,
              "label": "WITCHER.SkDexCrossbow",
              "isOpened": false,
              "modifiers": []
            },
            "sleight": {
              "value": 0,
              "label": "WITCHER.SkDexSleight",
              "isOpened": false,
              "modifiers": []
            },
            "stealth": {
              "value": 0,
              "label": "WITCHER.SkDexStealth",
              "isOpened": false,
              "modifiers": []
            }
          },
          "body": {
            "physique": {
              "value": 0,
              "label": "WITCHER.SkBodyPhys",
              "isOpened": false,
              "modifiers": []
            },
            "endurance": {
              "value": 0,
              "label": "WITCHER.SkBodyEnd",
              "isOpened": false,
              "modifiers": []
            }
          },
          "emp": {
            "charisma": {
              "value": 0,
              "label": "WITCHER.SkEmpCharisma",
              "isOpened": false,
              "modifiers": []
            },
            "deceit": {
              "value": 0,
              "label": "WITCHER.SkEmpDeceit",
              "isOpened": false,
              "modifiers": []
            },
            "finearts": {
              "value": 0,
              "label": "WITCHER.SkEmpArts",
              "isOpened": false,
              "modifiers": []
            },
            "gambling": {
              "value": 0,
              "label": "WITCHER.SkEmpGambling",
              "isOpened": false,
              "modifiers": []
            },
            "grooming": {
              "value": 0,
              "label": "WITCHER.SkEmpGrooming",
              "isOpened": false,
              "modifiers": []
            },
            "perception": {
              "value": 0,
              "label": "WITCHER.SkEmpHumanPerc",
              "isOpened": false,
              "modifiers": []
            },
            "leadership": {
              "value": 0,
              "label": "WITCHER.SkEmpLeadership",
              "isOpened": false,
              "modifiers": []
            },
            "persuasion": {
              "value": 0,
              "label": "WITCHER.SkEmpPersuasion",
              "isOpened": false,
              "modifiers": []
            },
            "performance": {
              "value": 0,
              "label": "WITCHER.SkEmpPerformance",
              "isOpened": false,
              "modifiers": []
            },
            "seduction": {
              "value": 0,
              "label": "WITCHER.SkEmpSeduction",
              "isOpened": false,
              "modifiers": []
            }
          },
          "cra": {
            "alchemy": {
              "value": 0,
              "label": "WITCHER.SkCraAlchemy",
              "isOpened": false,
              "modifiers": []
            },
            "crafting": {
              "value": 0,
              "label": "WITCHER.SkCraCrafting",
              "isOpened": false,
              "modifiers": []
            },
            "disguise": {
              "value": 0,
              "label": "WITCHER.SkCraDisguise",
              "isOpened": false,
              "modifiers": []
            },
            "firstaid": {
              "value": 0,
              "label": "WITCHER.SkCraAid",
              "isOpened": false,
              "modifiers": []
            },
            "forgery": {
              "value": 0,
              "label": "WITCHER.SkCraForge",
              "isOpened": false,
              "modifiers": []
            },
            "picklock": {
              "value": 0,
              "label": "WITCHER.SkCraPick",
              "isOpened": false,
              "modifiers": []
            },
            "trapcraft": {
              "value": 0,
              "label": "WITCHER.SkCraTrapCraft",
              "isOpened": false,
              "modifiers": []
            }
          },
          "will": {
            "courage": {
              "value": 0,
              "label": "WITCHER.SkWillCourage",
              "isOpened": false,
              "modifiers": []
            },
            "hexweave": {
              "value": 0,
              "label": "WITCHER.SkWillHex",
              "isOpened": false,
              "modifiers": []
            },
            "intimidation": {
              "value": 0,
              "label": "WITCHER.SkWillIntim",
              "isOpened": false,
              "modifiers": []
            },
            "spellcast": {
              "value": 0,
              "label": "WITCHER.SkWillSpellcast",
              "isOpened": false,
              "modifiers": []
            },
            "resistmagic": {
              "value": 0,
              "label": "WITCHER.SkWillResistMag",
              "isOpened": false,
              "modifiers": []
            },
            "resistcoerc": {
              "value": 0,
              "label": "WITCHER.SkWillResistCoer",
              "isOpened": false,
              "modifiers": []
            },
            "ritcraft": {
              "value": 0,
              "label": "WITCHER.SkWillRitCraft",
              "isOpened": false,
              "modifiers": []
            }
          }
        },
        "adrenaline": {
            "current": 0,
            "label": "WITCHER.Actor.Adrenaline"
          }
      }
    },
    "character": {
      "templates": ["baseActor"],
      "critWounds": [],
      "config": {
        "CritDescription": {},
        "CritModDescription": {},
        "CritGravity": {},
        "CritGravityDefaultEffect": {},
        "CritMod": {},
        "CritSimple": {},
        "CritComplex": {},
        "CritDifficult": {},
        "CritDeadly": {},
        "homelands":{
          "aedirn": "Aedirn",
          "angren": "Angren",
          "cidaris": "Cidaris",
          "cintra": "Cintra",
          "dolblathanna": "Dol Blathanna",
          "ebbing": "Ebbing",
          "etolia": "Etolia",
          "gemmeria": "Gemmeria",
          "gheso": "Gheso",
          "kaedwen": "Kaedwen",
          "kovir": "Kovir",
          "lyria": "Lyria",
          "maecht": "Maecht",
          "magturga": "Mag Turga",
          "mahakam": "Mahakam",
          "mettina": "Mettina",
          "nazair": "Nazair",
          "nilfgaard":"Nilfgaard",
          "poviss": "Poviss",
          "redania": "Redania",
          "rivia": "Rivia",
          "skellige": "Skellige",
          "temeria": "Temeria",
          "verden": "Verden",
          "vicovaro": "Vicovaro"
        }
      },
      "pannels": {
        "vitriolIsOpen": false,
        "rebisIsOpen": false,
        "aetherIsOpen": false,
        "hydragenumIsOpen": false,
        "vermilionIsOpen": false,
        "solIsOpen": false,
        "caelumIsOpen": false,
        "fulgurIsOpen": false,

        "noviceSpellIsOpen": false,
        "journeymanSpellIsOpen": false,
        "masterSpellIsOpen": false,
        "ritualIsOpen": false,
        "hexIsOpen": false,

        "intIsOpen": false,
        "refIsOpen": false,
        "dexIsOpen": false,
        "bodyIsOpen": false,
        "empIsOpen": false,
        "craIsOpen": false,
        "willIsOpen": false
      },
      "general": {
        "background": {
          "value": "..."
        },
        "details": {
          "clothing": {
            "value": "",
            "label": "WITCHER.Clothing"
          },
          "personality": {
            "value": "",
            "label": "WITCHER.Personality"
          },
          "hairStyle": {
            "value": "",
            "label": "WITCHER.Hair"
          },
          "affectations": {
            "value": "",
            "label": "WITCHER.Affectations"
          },
          "valuedPerson": {
            "value": "",
            "label": "WITCHER.ValuedPerson"
          },
          "value": {
            "value": "",
            "label": "WITCHER.Value"
          },
          "feelingsOnPeople": {
            "value": "",
            "label": "WITCHER.FeelingsOnPeople"
          }
        },
        "homeland": {
          "value": "",
          "label": "WITCHER.Homeland"
        },
        "reputation": {
          "value": "",
          "label": "WITCHER.Reputation"
        },
        "name": "",
        "race": "",
        "gender": "",
        "age": 0,
        "lifeEvents": {
          "10": {
            "decade": 1,
            "value": "",
            "detais":"",
            "isOpened": false
          },
          "20": {
            "decade": 2,
            "value": "",
            "detais":"",
            "isOpened": false
          },
          "30": {
            "decade": 3,
            "value": "",
            "detais":"",
            "isOpened": false
          },
          "40": {
            "decade": 4,
            "value": "",
            "detais":"",
            "isOpened": false
          },
          "50": {
            "decade": 5,
            "value": "",
            "detais":"",
            "isOpened": false
          },
          "60": {
            "decade": 6,
            "value": "",
            "detais":"",
            "isOpened": false
          },
          "70": {
            "decade": 7,
            "value": "",
            "detais":"",
            "isOpened": false
          },
          "80": {
            "decade": 8,
            "value": "",
            "detais":"",
            "isOpened": false
          },
          "90": {
            "decade": 9,
            "value": "",
            "detais":"",
            "isOpened": false
          },
          "100": {
            "decade": 10,
            "value": "",
            "detais":"",
            "isOpened": false
          },
          "110": {
            "decade": 11,
            "value": "",
            "detais":"",
            "isOpened": false
          },
          "120": {
            "decade": 12,
            "value": "",
            "detais":"",
            "isOpened": false
          },
          "130": {
            "decade": 13,
            "value": "",
            "detais":"",
            "isOpened": false
          },
          "140": {
            "decade": 14,
            "value": "",
            "detais":"",
            "isOpened": false
          },
          "150": {
            "decade": 15,
            "value": "",
            "detais":"",
            "isOpened": false
          },
          "160": {
            "decade": 16,
            "value": "",
            "detais":"",
            "isOpened": false
          },
          "170": {
            "decade": 17,
            "value": "",
            "detais":"",
            "isOpened": false
          },
          "180": {
            "decade": 18,
            "value": "",
            "detais":"",
            "isOpened": false
          },
          "190": {
            "decade": 19,
            "value": "",
            "detais":"",
            "isOpened": false
          },
          "200": {
            "decade": 20,
            "value": "",
            "detais":"",
            "isOpened": false
          }
        }
      },
      "focus1": {
        "name": "",
        "value": 0
      },
      "focus2": {
        "name": "",
        "value": 0
      },
      "focus3": {
        "name": "",
        "value": 0
      },
      "focus4": {
        "name": "",
        "value": 0
      },
      "attackStats": {
        "meleeBonus": "",
        "punch": {
          "value": "",
          "label": "WITCHER.Actor.DerStat.Punch"
        },
        "kick": {
          "value": "",
          "label": "WITCHER.Actor.DerStat.Kick"
        }
      },
      "improvementPoints": 0,
      "skillTraining1": {
        "name": "",
        "value": 0
      },
      "skillTraining2": {
        "name": "",
        "value": 0
      },
      "skillTraining3": {
        "name": "",
        "value": 0
      },
      "skillTraining4": {
        "name": "",
        "value": 0
      }
    },
    "monster": {
      "templates": ["baseActor"],
      "critWounds": [],
      "config": {
        "CritDescription": {},
        "CritModDescription": {},
        "CritGravity": {},
        "CritGravityDefaultEffect": {},
        "CritMod": {},
        "CritSimple": {},
        "CritComplex": {},
        "CritDifficult": {},
        "CritDeadly": {}
      },
      "category": "Humanoid",
      "threat": "",
      "difficulty": "",
      "bounty":0,
      "armorHead":0,
      "armorUpper":0,
      "armorLower":0,
      "regen": 0,
      "resistances": "",
      "immunities": "",
      "susceptibilities": "",
      "senses": "",
      "height": "",
      "weight": "",
      "environment": "",
      "intelligence": "",
      "organization": "",
      "common": "",
      "commonSkillValue": "",
      "monsterLore": "",
      "monsterLoreSkillValue": "",
      "customStat": false
    },
    "loot": {
      "templates": ["baseActor"],
      "description":""
    }
  },
  "Item": {
    "types": [
      "weapon",
      "armor",
      "enhancement",
      "mount",
      "valuable",
      "alchemical",
      "component",
      "diagrams",
      "mutagen",
      "spell",
      "profession",
      "note",
      "race"
    ],
    "templates":{
      "base": {
        "description": "",
        "quantity": 1,
        "weight": 0,
        "cost": 0
      }
    },
    "valuable": {
      "templates": ["base"],
      "type": "",
      "avail": "",
      "effect":"",
      "conceal": "",
      "quality": ""
    },
    "weapon": {
      "templates": ["base"],
      "type": "",
      "isMelee": false,
      "isAmmo": false,
      "accuracy": 0,
      "avail": "",
      "damage": "",
      "reliable": 0,
      "maxReliability": 0,
      "hands": 0,
      "range": "",
      "equiped": false,
      "effects": [{
          "id": "first",
          "name": "effect",
          "percentage": ""
        }
      ],
      "conceal": "",
      "enhancements": 0,
      "rateOfFire":1,
      "attackSkill": ""
    },
    "armor": {
      "templates": ["base"],
      "reliability": 0,
      "reliabilityMax": 0,
      "headStopping": 0,
      "headMaxStopping": 0,
      "torsoStopping": 0,
      "torsoMaxStopping": 0,
      "leftArmStopping": 0,
      "leftArmMaxStopping": 0,
      "rightArmStopping": 0,
      "rightArmMaxStopping": 0,
      "leftLegStopping": 0,
      "leftLegMaxStopping": 0,
      "rightLegStopping": 0,
      "rightLegMaxStopping": 0,
      "avail": "",
      "enhancements": 0,
      "effects": [{
          "id": "first",
          "name": "effect"
        }
      ],
      "encumb": 0,
      "location":"",
      "equiped": false,
      "bludgeoning": false,
      "slashing": false,
      "percing": false
    },
    "enhancement": {
      "templates": ["base"],
      "type": "",
      "avail": "",
      "effect": "",
      "stopping": 0,
      "bludgeoning": false,
      "slashing": false,
      "percing": false
    },
    "mount": {
      "templates": ["base"],
      "dex": "",
      "control": "",
      "speed": "",
      "hp": 0
    },
    "alchemical": {
      "templates": ["base"],
      "type": "",
      "avail": "",
      "effect": "",
      "time": "",
      "toxicity": ""
    },
    "component": {
      "templates": ["base"],
      "type": "",
      "rarity": "",
      "location": "",
      "quantityObtainable": "",
      "forage": "",
      "substanceType": ""
    },
    "diagrams": {
      "templates": ["base"],
      "type": "",
      "level": "",
      "isFormulae": false, 
      "craftingDC": 0,
      "alchemyDC": 0,
      "craftingTime": "",
      "components": "",
      "investment": 0,
      "learned": false,
      "alchemyComponents": {
        "vitriol": 0,
        "rebis": 0,
        "aether": 0,
        "quebrith": 0,
        "hydragenum": 0,
        "vermilion": 0,
        "sol": 0,
        "caelum": 0,
        "fulgur": 0
      }
    },
    "mutagen": {
      "templates": ["base"],
      "type": "",
      "source": "",
      "effect": "",
      "alchemyDC": 0,
      "minorMutation": ""
    },
    "spell": {
      "class": "",
      "level": "",
      "source": "",
      "domain": "",
      "stamina": 0,
      "staminaIsVar": false,
      "effect": "",
      "range": "",
      "duration": "",
      "defence": "",
      "components": "",
      "alternateComponents": "",
      "preparationTime": "",
      "dificultyCheck": "",
      "danger": "",
      "liftRequirement": ""
    },
    "profession": {
      "definingSkill": {
        "skillName": "",
        "stat": "",
        "definition": "",
        "level": ""
      },
      "skillPath1": {
        "pathName": "",
        "skill1": {
          "skillName": "",
          "stat": "",
          "definition": "",
          "level": ""
        },
        "skill2": {
          "skillName": "",
          "stat": "",
          "definition": "",
          "level": ""
        },
        "skill3": {
          "skillName": "",
          "stat": "",
          "definition": "",
          "level": ""
        }
      },
      "skillPath2": {
        "pathName": "",
        "skill1": {
          "skillName": "",
          "stat": "",
          "definition": "",
          "level": ""
        },
        "skill2": {
          "skillName": "",
          "stat": "",
          "definition": "",
          "level": ""
        },
        "skill3": {
          "skillName": "",
          "stat": "",
          "definition": "",
          "level": ""
        }
      },
      "skillPath3": {
        "pathName": "",
        "skill1": {
          "skillName": "",
          "stat": "",
          "definition": "",
          "level": ""
        },
        "skill2": {
          "skillName": "",
          "stat": "",
          "definition": "",
          "level": ""
        },
        "skill3": {
          "skillName": "",
          "stat": "",
          "definition": "",
          "level": ""
        }
      }
    },
    "note": {
      "description": ""
    },
    "race": {
      "descriotion": "",
      "perk1": {
        "name": "",
        "description": ""
      },
      "perk2": {
        "name": "",
        "description": ""
      },
      "perk3": {
        "name": "",
        "description": ""
      },
      "perk4": {
        "name": "",
        "description": ""
      }
    }
  }
}
